Butterfly species name,Host family,Host genus
Acanthopteroctetes unifascia,Rhamnaceae,Ceanothus
Nemophora degeerella,Betulaceae,Betula
Agathiphaga queenslandensis,Araucariaceae,Agathis
Alucita desmodactyla,Lamiaceae,Ballota
Alucita desmodactyla,Lamiaceae,Stachys
Bombyx mandarina,Ebenaceae,Diospyros
Bombyx mandarina,Malvaceae,Hibiscus
Bombyx mandarina,Rosaceae,Malus
Bombyx mandarina,Moraceae,Morus
Bombyx mandarina,Fagaceae,Quercus
Bombyx mori,Rubiaceae,Morinda
Bombyx mori,Moraceae,Morus
Brahmaea hearseyi,Oleaceae,Fraxinus
Brahmaea hearseyi,Oleaceae,Jasminum
Brahmaea hearseyi,Oleaceae,Ligustrum
Brahmaea hearseyi,Oleaceae,Menodora
Brahmaea hearseyi,Oleaceae,Osmanthus
Brahmaea hearseyi,Viburnaceae,Sambucus
Bucculatrix cristatella,Asteraceae,Achillea
Bucculatrix cristatella,Asteraceae,Anthemis
Bucculatrix cristatella,Asteraceae,Chrysanthemum
Bucculatrix cristatella,Asteraceae,Leucanthemopsis
Pterodecta felderi,Onocleaceae,
Pterodecta felderi,Osmundaceae,
Synemon plana,Poaceae,Rytidosperma
Synemon plana,Poaceae,Danthonia
Telchin licus,Poaceae,Saccharum
Telchin licus,Heliconiaceae,
Telchin licus,Musaceae,
Hemerophila diva,Moraceae,Ficus
Axia margarita,Euphorbiaceae,Euphorbia
Hyposmocoma kahamanoa,Lichen/Algae,
Archaeoses polygrapha,Scrophulariaceae,Myoporum
Archaeoses polygrapha,Myoporaceae,Myoporum
Culama crepera,Myrtaceae,Eucalyptus
Morpheis pyracmon,Fabaceae,Inga
Morpheis pyracmon,Fabaceae,Mimosa
Morpheis pyracmon,Fabaceae,Senna
Morpheis pyracmon,Salicaceae,Salix
Morpheis pyracmon,Arecaceae,Syagrus
Prionoxystus robiniae,Sapindaceae,Acer
Prionoxystus robiniae,Asteraceae,Baccharis
Prionoxystus robiniae,Betulaceae,Betula
Prionoxystus robiniae,Juglandaceae,Carya
Prionoxystus robiniae,Fagaceae,Castanea
Prionoxystus robiniae,Fagaceae,Quercus
Prionoxystus robiniae,Cannabaceae,Celtis
Prionoxystus robiniae,Moraceae,Ficus
Prionoxystus robiniae,Oleaceae,Fraxinus
Prionoxystus robiniae,Salicaceae,Populus
Prionoxystus robiniae,Salicaceae,Salix
Prionoxystus robiniae,Rosaceae,Prunus
Prionoxystus robiniae,Rosaceae,Pyrus
Prionoxystus robiniae,Fabaceae,Robinia
Prionoxystus robiniae,Ulmaceae,Ulmus
Prionoxystus robiniae,Ulmaceae,Celtis
Prionoxystus robiniae,Aceraceae,Acer
Psychonoctua personalis,Rutaceae,Citrus
Psychonoctua personalis,Polygonaceae,Coccoloba
Psychonoctua personalis,Euphorbiaceae,Codiaeum
Psychonoctua personalis,Rubiaceae,Coffea
Psychonoctua personalis,Myrtaceae,Eugenia
Psychonoctua personalis,Combretaceae,Laguncularia
Psychonoctua personalis,Rhizophoraceae,Rhizophora
Catoptria falsella,Pottiaceae,Barbula
Catoptria falsella,Pottiaceae,Tortula
Catoptria falsella,Musci,Tortula
Chilo suppressalis,Amaranthaceae,Amaranthus
Chilo suppressalis,Poaceae,Andropogon
Chilo suppressalis,Poaceae,Brachiaria
Chilo suppressalis,Poaceae,Setaria
Chilo suppressalis,Poaceae,Coix
Chilo suppressalis,Poaceae,Cymbopogon
Chilo suppressalis,Poaceae,Echinochloa
Chilo suppressalis,Poaceae,Eleusine
Chilo suppressalis,Poaceae,Miscanthus
Chilo suppressalis,Poaceae,Oryza
Chilo suppressalis,Poaceae,Panicum
Chilo suppressalis,Poaceae,Paspalum
Chilo suppressalis,Poaceae,Pennisetum
Chilo suppressalis,Poaceae,Phragmites
Chilo suppressalis,Poaceae,Saccharum
Chilo suppressalis,Poaceae,Sclerostachya
Chilo suppressalis,Poaceae,Sorghum
Chilo suppressalis,Poaceae,Triticum
Chilo suppressalis,Poaceae,Zea
Chilo suppressalis,Poaceae,Zizania
Chilo suppressalis,Poaceae,Setaria
Chilo suppressalis,Brassicaceae,Brassica
Chilo suppressalis,Brassicaceae,Raphanus
Chilo suppressalis,Solanaceae,Solanum
Chilo suppressalis,Solanaceae,Lycopersicon
Chilo suppressalis,Typhaceae,Typha
Chilo suppressalis,Asteraceae,Xanthium
Cnaphalocrocis medinalis,Poaceae,Dactyloctenium
Cnaphalocrocis medinalis,Poaceae,Digitaria
Cnaphalocrocis medinalis,Poaceae,Echinochloa
Cnaphalocrocis medinalis,Poaceae,Eleusine
Cnaphalocrocis medinalis,Poaceae,Elytrigia
Cnaphalocrocis medinalis,Poaceae,Leersia
Cnaphalocrocis medinalis,Poaceae,Oryza
Cnaphalocrocis medinalis,Poaceae,Paspalum
Cnaphalocrocis medinalis,Poaceae,Sacciolepis
Cnaphalocrocis medinalis,Poaceae,Sorghum
Cnaphalocrocis medinalis,Poaceae,Zea
Cnaphalocrocis medinalis,Solanaceae,Nicotiana
Cnaphalocrocis medinalis,Fabaceae,Stylosanthes
Cnaphalocrocis medinalis,Zingiberaceae,Zingiber
Dalcera abrasa,Rubiaceae,Coffea
Dalcera abrasa,Poaceae,Echinochloa
Dalcera abrasa,Asteraceae,Eremanthus
Dalcera abrasa,Erythroxylaceae,Erythroxylum
Dalcera abrasa,Myrtaceae,Eucalyptus
Dalcera abrasa,Rutaceae,Metrodorea
Dalcera abrasa,Ochnaceae,Ouratea
Dalcera abrasa,Sapotaceae,Pouteria
Dalcera abrasa,Vochysiaceae,Qualea
Dalcera abrasa,Anacardiaceae,Spondias
Antaeotricha schlaegeri,Betulaceae,Betula
Antaeotricha schlaegeri,Fagaceae,Quercus
Psilocorsis reflexella,Sapindaceae,Acer
Psilocorsis reflexella,Betulaceae,Betula
Psilocorsis reflexella,Betulaceae,Corylus
Psilocorsis reflexella,Juglandaceae,Carya
Psilocorsis reflexella,Fagaceae,Fagus
Psilocorsis reflexella,Fagaceae,Quercus
Psilocorsis reflexella,Salicaceae,Populus
Psilocorsis reflexella,Salicaceae,Salix
Psilocorsis reflexella,Malvaceae,Tilia
Psilocorsis reflexella,Aceraceae,Acer
Psilocorsis reflexella,Corylaceae,Corylus
Psilocorsis reflexella,Tiliaceae,Tilia
Cyclidia substigmaria,Cornaceae,Alangium
Cyclidia substigmaria,Malvaceae,Hibiscus
Cyclidia substigmaria,Alangiaceae,Alangium
Pseudothyatira cymatophoroides,Sapindaceae,Acer
Pseudothyatira cymatophoroides,Betulaceae,Alnus
Pseudothyatira cymatophoroides,Betulaceae,Betula
Pseudothyatira cymatophoroides,Betulaceae,Corylus
Pseudothyatira cymatophoroides,Rosaceae,Amelanchier
Pseudothyatira cymatophoroides,Rosaceae,Crataegus
Pseudothyatira cymatophoroides,Rosaceae,Malus
Pseudothyatira cymatophoroides,Rosaceae,Prunus
Pseudothyatira cymatophoroides,Rosaceae,Rosa
Pseudothyatira cymatophoroides,Rosaceae,Rubus
Pseudothyatira cymatophoroides,Rosaceae,Sorbus
Pseudothyatira cymatophoroides,Salicaceae,Populus
Pseudothyatira cymatophoroides,Salicaceae,Salix
Pseudothyatira cymatophoroides,Fagaceae,Quercus
Pseudothyatira cymatophoroides,Aceraceae,Acer
Pseudothyatira cymatophoroides,Corylaceae,Corylus
Thyatira batis,Rosaceae,Rubus
Tridrepana flava,Pentaphylacaceae,Eurya
Mustilizans dierli,Moraceae,Broussonetia
Mustilizans dierli,Fagaceae,Quercus
Epicopeia hainesii,Cornaceae,Cornus
Amata phegea,Poaceae,
Eudocima salaminia,Caricaceae,Carica
Eudocima salaminia,Rutaceae,Citrus
Eudocima salaminia,Sapindaceae,Dimocarpus
Eudocima salaminia,Menispermaceae,Legnephora
Eudocima salaminia,Menispermaceae,Menispermum
Eudocima salaminia,Menispermaceae,Sarcopetalum
Eudocima salaminia,Menispermaceae,Stephania
Eudocima salaminia,Musaceae,Musa
Euproctis chrysorrhoea,Fabaceae,Acacia
Euproctis chrysorrhoea,Fabaceae,Robinia
Euproctis chrysorrhoea,Fabaceae,Trifolium
Euproctis chrysorrhoea,Fabaceae,Wisteria
Euproctis chrysorrhoea,Sapindaceae,Acer
Euproctis chrysorrhoea,Rosaceae,Amelanchier
Euproctis chrysorrhoea,Rosaceae,Chaenomeles
Euproctis chrysorrhoea,Rosaceae,Crataegus
Euproctis chrysorrhoea,Rosaceae,Cydonia
Euproctis chrysorrhoea,Rosaceae,Fragaria
Euproctis chrysorrhoea,Rosaceae,Malus
Euproctis chrysorrhoea,Rosaceae,Prunus
Euproctis chrysorrhoea,Rosaceae,Pyrus
Euproctis chrysorrhoea,Rosaceae,Rosa
Euproctis chrysorrhoea,Rosaceae,Rubus
Euproctis chrysorrhoea,Rosaceae,Sorbus
Euproctis chrysorrhoea,Rosaceae,Spiraea
Euproctis chrysorrhoea,Asteraceae,Arctium
Euproctis chrysorrhoea,Betulaceae,Betula
Euproctis chrysorrhoea,Juglandaceae,Carya
Euproctis chrysorrhoea,Juglandaceae,Juglans
Euproctis chrysorrhoea,Fagaceae,Castanea
Euproctis chrysorrhoea,Fagaceae,Fagus
Euproctis chrysorrhoea,Fagaceae,Quercus
Euproctis chrysorrhoea,Oleaceae,Forsythia
Euproctis chrysorrhoea,Oleaceae,Fraxinus
Euproctis chrysorrhoea,Geraniaceae,Geranium
Euproctis chrysorrhoea,Elaeagnaceae,Hippophae
Euproctis chrysorrhoea,Myricaceae,Myrica
Euproctis chrysorrhoea,Vitaceae,Parthenocissus
Euproctis chrysorrhoea,Vitaceae,Vitis
Euproctis chrysorrhoea,Plantaginaceae,Plantago
Euproctis chrysorrhoea,Salicaceae,Populus
Euproctis chrysorrhoea,Salicaceae,Salix
Euproctis chrysorrhoea,Polygonaceae,Rheum
Euproctis chrysorrhoea,Polygonaceae,Rumex
Euproctis chrysorrhoea,Grossulariaceae,Ribes
Euproctis chrysorrhoea,Caprifoliaceae,Sambucus
Euproctis chrysorrhoea,Caprifoliaceae,Weigela
Euproctis chrysorrhoea,Caprifoliaceae,Viburnum
Euproctis chrysorrhoea,Malvaceae,Tilia
Euproctis chrysorrhoea,Ulmaceae,Ulmus
Euproctis chrysorrhoea,Viburnaceae,Viburnum
Euproctis chrysorrhoea,Aceraceae,Acer
Euproctis chrysorrhoea,Tiliaceae,Tilia
Lymantria dispar,Pinaceae,Abies
Lymantria dispar,Pinaceae,Cedrus
Lymantria dispar,Pinaceae,Larix
Lymantria dispar,Pinaceae,Picea
Lymantria dispar,Pinaceae,Pinus
Lymantria dispar,Pinaceae,Tsuga
Lymantria dispar,Sapindaceae,Acer
Lymantria dispar,Betulaceae,Alnus
Lymantria dispar,Betulaceae,Betula
Lymantria dispar,Betulaceae,Carpinus
Lymantria dispar,Betulaceae,Corylus
Lymantria dispar,Betulaceae,Ostrya
Lymantria dispar,Rosaceae,Amelanchier
Lymantria dispar,Rosaceae,Crataegus
Lymantria dispar,Rosaceae,Malus
Lymantria dispar,Rosaceae,Physocarpus
Lymantria dispar,Rosaceae,Prunus
Lymantria dispar,Rosaceae,Pyrus
Lymantria dispar,Rosaceae,Rosa
Lymantria dispar,Rosaceae,Rubus
Lymantria dispar,Rosaceae,Sorbus
Lymantria dispar,Rosaceae,Spiraea
Lymantria dispar,Araliaceae,Aralia
Lymantria dispar,Berberidaceae,Berberis
Lymantria dispar,Juglandaceae,Carya
Lymantria dispar,Juglandaceae,Juglans
Lymantria dispar,Fagaceae,Castanea
Lymantria dispar,Fagaceae,Fagus
Lymantria dispar,Fagaceae,Quercus
Lymantria dispar,Bignoniaceae,Catalpa
Lymantria dispar,Cannabaceae,Celtis
Lymantria dispar,Asteraceae,Chaenactis
Lymantria dispar,Rutaceae,Citrus
Lymantria dispar,Clethraceae,Clethra
Lymantria dispar,Myricaceae,Comptonia
Lymantria dispar,Myricaceae,Myrica
Lymantria dispar,Cornaceae,Cornus
Lymantria dispar,Cornaceae,Nyssa
Lymantria dispar,Caprifoliaceae,Diervilla
Lymantria dispar,Caprifoliaceae,Sambucus
Lymantria dispar,Caprifoliaceae,Viburnum
Lymantria dispar,Ebenaceae,Diospyros
Lymantria dispar,Oleaceae,Fraxinus
Lymantria dispar,Oleaceae,Ligustrum
Lymantria dispar,Ericaceae,Gaylussacia
Lymantria dispar,Ericaceae,Kalmia
Lymantria dispar,Ericaceae,Leucothoe
Lymantria dispar,Ericaceae,Rhododendron
Lymantria dispar,Ericaceae,Vaccinium
Lymantria dispar,Ginkgoaceae,Ginkgo
Lymantria dispar,Fabaceae,Gleditsia
Lymantria dispar,Fabaceae,Gymnocladus
Lymantria dispar,Fabaceae,Robinia
Lymantria dispar,Hamamelidaceae,Hamamelis
Lymantria dispar,Hamamelidaceae,Liquidambar
Lymantria dispar,Aquifoliaceae,Ilex
Lymantria dispar,Iridaceae,Iris
Lymantria dispar,Cupressaceae,Juniperus
Lymantria dispar,Cupressaceae,Taxodium
Lymantria dispar,Cupressaceae,Thuja
Lymantria dispar,Lauraceae,Lindera
Lymantria dispar,Lauraceae,Persea
Lymantria dispar,Lauraceae,Sassafras
Lymantria dispar,Altingiaceae,Liquidambar
Lymantria dispar,Moraceae,Maclura
Lymantria dispar,Anacardiaceae,Pistacia
Lymantria dispar,Anacardiaceae,Rhus
Lymantria dispar,Anacardiaceae,Toxicodendron
Lymantria dispar,Platanaceae,Platanus
Lymantria dispar,Salicaceae,Populus
Lymantria dispar,Salicaceae,Salix
Lymantria dispar,Grossulariaceae,Ribes
Lymantria dispar,Polygonaceae,Rumex
Lymantria dispar,Smilacaceae,Smilax
Lymantria dispar,Araceae,Symplocarpus
Lymantria dispar,Tamaricaceae,Tamarix
Lymantria dispar,Malvaceae,Tilia
Lymantria dispar,Ulmaceae,Ulmus
Lymantria dispar,Ulmaceae,Celtis
Lymantria dispar,Viburnaceae,Viburnum
Lymantria dispar,Vitaceae,Vitis
Lymantria dispar,Poaceae,Zea
Lymantria dispar,Araucariaceae,
Lymantria dispar,Taxaceae,
Lymantria dispar,Taxodiaceae,Taxodium
Lymantria dispar,Aceraceae,Acer
Lymantria dispar,Corylaceae,Carpinus
Lymantria dispar,Corylaceae,Corylus
Lymantria dispar,Corylaceae,Ostrya
Lymantria dispar,Magnoliaceae,Liriodendron
Lymantria dispar,Tiliaceae,Tilia
Phragmatobia fuliginosa,Ericaceae,Andromeda
Phragmatobia fuliginosa,Ericaceae,Calluna
Phragmatobia fuliginosa,Ericaceae,Vaccinium
Phragmatobia fuliginosa,Onagraceae,Chamaenerion
Phragmatobia fuliginosa,Onagraceae,Epilobium
Phragmatobia fuliginosa,Asteraceae,Eupatorium
Phragmatobia fuliginosa,Asteraceae,Helianthus
Phragmatobia fuliginosa,Asteraceae,Jacobaea
Phragmatobia fuliginosa,Asteraceae,Solidago
Phragmatobia fuliginosa,Asteraceae,Taraxacum
Phragmatobia fuliginosa,Asteraceae,Vernonia
Phragmatobia fuliginosa,Rosaceae,Filipendula
Phragmatobia fuliginosa,Rosaceae,Malus
Phragmatobia fuliginosa,Rosaceae,Potentilla
Phragmatobia fuliginosa,Rosaceae,Prunus
Phragmatobia fuliginosa,Rosaceae,Rubus
Phragmatobia fuliginosa,Oleaceae,Fraxinus
Phragmatobia fuliginosa,Poaceae,Molinia
Phragmatobia fuliginosa,Plantaginaceae,Plantago
Phragmatobia fuliginosa,Polygonaceae,Polygonum
Phragmatobia fuliginosa,Polygonaceae,Rumex
Phragmatobia fuliginosa,Salicaceae,Salix
Phragmatobia fuliginosa,Araceae,Symplocarpus
Phragmatobia fuliginosa,Fabaceae,Trifolium
Phyllodes eyndhovii,Fabaceae,Acacia
Dyseriocrania subpurpurella,Fagaceae,Quercus
Tuta absoluta,Solanaceae,Solanum
Biston betularia,Sapindaceae,Acer
Biston betularia,Betulaceae,Alnus
Biston betularia,Betulaceae,Betula
Biston betularia,Betulaceae,Corylus
Biston betularia,Rosaceae,Amelanchier
Biston betularia,Rosaceae,Crataegus
Biston betularia,Rosaceae,Filipendula
Biston betularia,Rosaceae,Fragaria
Biston betularia,Rosaceae,Holodiscus
Biston betularia,Rosaceae,Malus
Biston betularia,Rosaceae,Prunus
Biston betularia,Rosaceae,Pyrus
Biston betularia,Rosaceae,Rosa
Biston betularia,Rosaceae,Rubus
Biston betularia,Rosaceae,Sorbaria
Biston betularia,Rosaceae,Sorbus
Biston betularia,Rosaceae,Spiraea
Biston betularia,Asteraceae,Artemisia
Biston betularia,Asteraceae,Aster
Biston betularia,Asteraceae,Chrysanthemum
Biston betularia,Fabaceae,Caragana
Biston betularia,Fabaceae,Gleditsia
Biston betularia,Fabaceae,Hedysarum
Biston betularia,Fabaceae,Lupinus
Biston betularia,Fabaceae,Melilotus
Biston betularia,Fabaceae,Robinia
Biston betularia,Fabaceae,Trifolium
Biston betularia,Fagaceae,Castanea
Biston betularia,Fagaceae,Fagus
Biston betularia,Fagaceae,Quercus
Biston betularia,Rhamnaceae,Ceanothus
Biston betularia,Rhamnaceae,Frangula
Biston betularia,Ericaceae,Chamaedaphne
Biston betularia,Ericaceae,Vaccinium
Biston betularia,Myricaceae,Comptonia
Biston betularia,Myricaceae,Myrica
Biston betularia,Cornaceae,Cornus
Biston betularia,Celastraceae,Euonymus
Biston betularia,Ginkgoaceae,Ginkgo
Biston betularia,Iridaceae,Gladiolus
Biston betularia,Cannabaceae,Humulus
Biston betularia,Clusiaceae,Hypericum
Biston betularia,Juglandaceae,Juglans
Biston betularia,Pinaceae,Larix
Biston betularia,Pinaceae,Picea
Biston betularia,Pinaceae,Pinus
Biston betularia,Oleaceae,Ligustrum
Biston betularia,Lythraceae,Lythrum
Biston betularia,Salicaceae,Populus
Biston betularia,Salicaceae,Salix
Biston betularia,Anacardiaceae,Rhus
Biston betularia,Grossulariaceae,Ribes
Biston betularia,Elaeagnaceae,Shepherdia
Biston betularia,Malvaceae,Tilia
Biston betularia,Ulmaceae,Ulmus
Biston betularia,Guttiferae,Hypericum
Biston betularia,Tiliaceae,Tilia
Biston betularia,Aceraceae,Acer
Biston betularia,Corylaceae,Corylus
Ectropis obliqua,Sapindaceae,Acer
Ectropis obliqua,Araliaceae,Aralia
Ectropis obliqua,Theaceae,Camellia
Ectropis obliqua,Fagaceae,Castanea
Ectropis obliqua,Fagaceae,Quercus
Ectropis obliqua,Coriariaceae,Coriaria
Ectropis obliqua,Caprifoliaceae,Diervilla
Ectropis obliqua,Caprifoliaceae,Lonicera
Ectropis obliqua,Fabaceae,Robinia
Ectropis obliqua,Fabaceae,Trifolium
Ectropis obliqua,Fabaceae,Glycine
Ectropis obliqua,Juglandaceae,Juglans
Ectropis obliqua,Lauraceae,Lindera
Ectropis obliqua,Rosaceae,Malus
Ectropis obliqua,Sabiaceae,Meliosma
Ectropis obliqua,Salicaceae,Salix
Ectropis obliqua,Aceraceae,Acer
Ectropis obliqua,Meliosmaceae,Meliosma
Macaria distribuaria,Pinaceae,Pinus
Nemoria lixaria,Sapindaceae,Acer
Nemoria lixaria,Myricaceae,Myrica
Nemoria lixaria,Fagaceae,Quercus
Operophtera brumata,Sapindaceae,Acer
Operophtera brumata,Rosaceae,Amelanchier
Operophtera brumata,Rosaceae,Cotoneaster
Operophtera brumata,Rosaceae,Crataegus
Operophtera brumata,Rosaceae,Cydonia
Operophtera brumata,Rosaceae,Malus
Operophtera brumata,Rosaceae,Prunus
Operophtera brumata,Rosaceae,Pyrus
Operophtera brumata,Rosaceae,Rosa
Operophtera brumata,Rosaceae,Rubus
Operophtera brumata,Rosaceae,Sorbus
Operophtera brumata,Betulaceae,Betula
Operophtera brumata,Betulaceae,Carpinus
Operophtera brumata,Betulaceae,Corylus
Operophtera brumata,Betulaceae,Ostrya
Operophtera brumata,Ericaceae,Calluna
Operophtera brumata,Ericaceae,Rhododendron
Operophtera brumata,Fagaceae,Fagus
Operophtera brumata,Fagaceae,Quercus
Operophtera brumata,Rhamnaceae,Frangula
Operophtera brumata,Rhamnaceae,Rhamnus
Operophtera brumata,Oleaceae,Fraxinus
Operophtera brumata,Pinaceae,Larix
Operophtera brumata,Pinaceae,Picea
Operophtera brumata,Myricaceae,Myrica
Operophtera brumata,Salicaceae,Populus
Operophtera brumata,Salicaceae,Salix
Operophtera brumata,Grossulariaceae,Ribes
Operophtera brumata,Malvaceae,Tilia
Operophtera brumata,Ulmaceae,Ulmus
Operophtera brumata,Viburnaceae,Viburnum
Operophtera brumata,Aceraceae,Acer
Operophtera brumata,Corylaceae,Carpinus
Operophtera brumata,Corylaceae,Corylus
Operophtera brumata,Corylaceae,Ostrya
Operophtera brumata,Tiliaceae,Tilia
Operophtera brumata,Caprifoliaceae,Viburnum
Acrocercops transecta,Juglandaceae,Carya
Acrocercops transecta,Juglandaceae,Juglans
Acrocercops transecta,Juglandaceae,Platycarya
Acrocercops transecta,Juglandaceae,Pterocarya
Acrocercops transecta,Ericaceae,Lyonia
Caloptilia triadicae,Euphorbiaceae,Triadica
Cameraria ohridella,Sapindaceae,Aesculus
Cameraria ohridella,Hippocastanaceae,Aesculus
Philodoria splendida,Myrtaceae,Metrosideros
Phyllocnistis citrella,Rutaceae,Aegle
Phyllocnistis citrella,Rutaceae,Atalantia
Phyllocnistis citrella,Rutaceae,Citrus
Phyllocnistis citrella,Rutaceae,Fortunella
Phyllocnistis citrella,Rutaceae,Limonia
Phyllocnistis citrella,Rutaceae,Murraya
Phyllocnistis citrella,Lauraceae,Alseodaphne
Phyllocnistis citrella,Lauraceae,Cinnamomum
Phyllocnistis citrella,Clusiaceae,Garcinia
Phyllocnistis citrella,Oleaceae,Jasminum
Phyllocnistis citrella,Loranthaceae,Loranthus
Phyllocnistis citrella,Fabaceae,Millettia
Phyllocnistis citrella,Guttiferae,Garcinia
Helicopsyche borealis,Detritophagous,
Helicopsyche borealis,Diatoms,
Phymatopus californicus,Asteraceae,Baccharis
Phymatopus californicus,Asteraceae,Eriophyllum
Phymatopus californicus,Fabaceae,Lupinus
Triodia sylvina,Boraginaceae,Echium
Triodia sylvina,Cannabaceae,Humulus
Triodia sylvina,Dennstaedtiaceae,Pteridium
Triodia sylvina,Polygonaceae,Rumex
Triodia sylvina,Asteraceae,Taraxacum
Hylephila phyleus,Poaceae,Agrostis
Hylephila phyleus,Poaceae,Axonopus
Hylephila phyleus,Poaceae,Cenchrus
Hylephila phyleus,Poaceae,Cynodon
Hylephila phyleus,Poaceae,Digitaria
Hylephila phyleus,Poaceae,Eragrostis
Hylephila phyleus,Poaceae,Eriochloa
Hylephila phyleus,Poaceae,Panicum
Hylephila phyleus,Poaceae,Paspalum
Hylephila phyleus,Poaceae,Poa
Hylephila phyleus,Poaceae,Saccharum
Hylephila phyleus,Poaceae,Stenotaphrum
Lerema accius,Poaceae,Andropogon
Lerema accius,Poaceae,Oryzopsis
Lerema accius,Poaceae,Panicum
Lerema accius,Poaceae,Paspalum
Lerema accius,Poaceae,Pennisetum
Lerema accius,Poaceae,Saccharum
Lerema accius,Poaceae,Setaria
Lerema accius,Poaceae,Sorghum
Lerema accius,Poaceae,Stenotaphrum
Lerema accius,Poaceae,Zea
Megathymus yuccae,Asparagaceae,Yucca
Megathymus yuccae,Agavaceae,Yucca
Thymelicus sylvestris,Poaceae,Brachypodium
Thymelicus sylvestris,Poaceae,Holcus
Thymelicus sylvestris,Poaceae,Phleum
Urbanus proteus,Fabaceae,Amphicarpaea
Urbanus proteus,Fabaceae,Bauhinia
Urbanus proteus,Fabaceae,Centrosema
Urbanus proteus,Fabaceae,Clitoria
Urbanus proteus,Fabaceae,Desmodium
Urbanus proteus,Fabaceae,Glycine
Urbanus proteus,Fabaceae,Lathyrus
Urbanus proteus,Fabaceae,Macroptilium
Urbanus proteus,Fabaceae,Periandra
Urbanus proteus,Fabaceae,Phaseolus
Urbanus proteus,Fabaceae,Pisum
Urbanus proteus,Fabaceae,Prosopis
Urbanus proteus,Fabaceae,Vicia
Urbanus proteus,Fabaceae,Vigna
Urbanus proteus,Fabaceae,Wisteria
Urbanus proteus,Malpighiaceae,Byrsonima
Urbanus proteus,Malpighiaceae,Stigmaphyllon
Urbanus proteus,Cannaceae,Canna
Urbanus proteus,Asteraceae,
Palaeagapetus nearcticus,Scapaniaceae,Scapania
Lactura subfervens,Sapotaceae,Sideroxylon
Dendrolimus pini,Pinaceae,Abies
Dendrolimus pini,Pinaceae,Larix
Dendrolimus pini,Pinaceae,Picea
Dendrolimus pini,Pinaceae,Pinus
Dendrolimus pini,Pinaceae,Pseudotsuga
Dendrolimus pini,Cupressaceae,Juniperus
Demonarosa rufotessellata,Betulaceae,Carpinus
Demonarosa rufotessellata,Fagaceae,Lithocarpus
Demonarosa rufotessellata,Fagaceae,Quercus
Demonarosa rufotessellata,Altingiaceae,Liquidambar
Demonarosa rufotessellata,Myricaceae,Myrica
Calycopis cecrops,Euphorbiaceae,Croton
Calycopis cecrops,Malvaceae,Gossypium
Calycopis cecrops,Anacardiaceae,Mangifera
Calycopis cecrops,Anacardiaceae,Rhus
Calycopis cecrops,Anacardiaceae,Schinus
Calycopis cecrops,Myricaceae,Myrica
Calycopis cecrops,Fagaceae,Quercus
Hemiargus ceraunus,Fabaceae,Abrus
Hemiargus ceraunus,Fabaceae,Acacia
Hemiargus ceraunus,Fabaceae,Astragalus
Hemiargus ceraunus,Fabaceae,Cassia
Hemiargus ceraunus,Fabaceae,Chamaecrista
Hemiargus ceraunus,Fabaceae,Chapmannia
Hemiargus ceraunus,Fabaceae,Crotalaria
Hemiargus ceraunus,Fabaceae,Indigofera
Hemiargus ceraunus,Fabaceae,Macroptilium
Hemiargus ceraunus,Fabaceae,Medicago
Hemiargus ceraunus,Fabaceae,Mimosa
Hemiargus ceraunus,Fabaceae,Phaseolus
Hemiargus ceraunus,Fabaceae,Prosopis
Hemiargus ceraunus,Fabaceae,Psorothamnus
Hemiargus ceraunus,Fabaceae,Rhynchosia
Polyommatus icarus,Fabaceae,Lathyrus
Polyommatus icarus,Fabaceae,Lotus
Polyommatus icarus,Fabaceae,Medicago
Polyommatus icarus,Fabaceae,Ononis
Polyommatus icarus,Fabaceae,Oxytropis
Polyommatus icarus,Fabaceae,Trifolium
Polyommatus icarus,Fabaceae,Vicia
Polyommatus icarus,Geraniaceae,
Leucoptera coffeella,Rubiaceae,Coffea
Megalopyge crispata,Sapindaceae,Acer
Megalopyge crispata,Rosaceae,Amelanchier
Megalopyge crispata,Rosaceae,Cydonia
Megalopyge crispata,Rosaceae,Malus
Megalopyge crispata,Rosaceae,Prunus
Megalopyge crispata,Rosaceae,Pyrus
Megalopyge crispata,Ericaceae,Vaccinium
Megalopyge crispata,Ericaceae,Gaylussacia
Megalopyge crispata,Myricaceae,Myrica
Megalopyge crispata,Salicaceae,Populus
Megalopyge crispata,Salicaceae,Salix
Megalopyge crispata,Fagaceae,Quercus
Megalopyge crispata,Lauraceae,Sassafras
Megalopyge crispata,Ulmaceae,Ulmus
Megalopyge crispata,Aceraceae,Acer
Micropterix calthella,Detritophagous,
Lacosoma chiridota,Fagaceae,Quercus
Enteucha acetosae,Polygonaceae,Rumex
Stigmella atricapitella,Fagaceae,Quercus
Agrotis infusa,Amaranthaceae,Beta
Agrotis infusa,Brassicaceae,Brassica
Agrotis infusa,Poaceae,Hordeum
Agrotis infusa,Poaceae,Triticum
Agrotis infusa,Linaceae,Linum
Agrotis infusa,Fabaceae,Medicago
Agrotis infusa,Fabaceae,Pisum
Agrotis infusa,Pinaceae,Pinus
Agrotis infusa,Solanaceae,Solanum
Agrotis infusa,Chenopodiaceae,Beta
Amphipyra pyramidea,Oleaceae,Fraxinus
Amphipyra pyramidea,Oleaceae,Ligustrum
Amphipyra pyramidea,Oleaceae,Syringa
Amphipyra pyramidea,Caprifoliaceae,Lonicera
Amphipyra pyramidea,Rosaceae,Malus
Amphipyra pyramidea,Rosaceae,Rosa
Amphipyra pyramidea,Rosaceae,Sorbus
Amphipyra pyramidea,Fagaceae,Quercus
Amphipyra pyramidea,Ericaceae,Rhododendron
Helicoverpa zea,Malvaceae,Abelmoschus
Helicoverpa zea,Malvaceae,Abutilon
Helicoverpa zea,Malvaceae,Gossypium
Helicoverpa zea,Malvaceae,Hibiscus
Helicoverpa zea,Malvaceae,Malachra
Helicoverpa zea,Malvaceae,Malva
Helicoverpa zea,Malvaceae,Sida
Helicoverpa zea,Asteraceae,Ageratum
Helicoverpa zea,Asteraceae,Carduus
Helicoverpa zea,Asteraceae,Carthamus
Helicoverpa zea,Asteraceae,Chrysanthemum
Helicoverpa zea,Asteraceae,Croptilon
Helicoverpa zea,Asteraceae,Dahlia
Helicoverpa zea,Asteraceae,Geraea
Helicoverpa zea,Asteraceae,Helianthus
Helicoverpa zea,Asteraceae,Lactuca
Helicoverpa zea,Asteraceae,Pentzia
Helicoverpa zea,Asteraceae,Solidago
Helicoverpa zea,Asteraceae,Xanthium
Helicoverpa zea,Asteraceae,Chrysothamnus
Helicoverpa zea,Asteraceae,Parthenium
Helicoverpa zea,Amaryllidaceae,Allium
Helicoverpa zea,Amaranthaceae,Amaranthus
Helicoverpa zea,Amaranthaceae,Beta
Helicoverpa zea,Amaranthaceae,Chenopodium
Helicoverpa zea,Amaranthaceae,Spinacia
Helicoverpa zea,Anacardiaceae,Anacardium
Helicoverpa zea,Plantaginaceae,Antirrhinum
Helicoverpa zea,Apiaceae,Apium
Helicoverpa zea,Fabaceae,Arachis
Helicoverpa zea,Fabaceae,Caesalpinia
Helicoverpa zea,Fabaceae,Cajanus
Helicoverpa zea,Fabaceae,Cicer
Helicoverpa zea,Fabaceae,Crotalaria
Helicoverpa zea,Fabaceae,Desmodium
Helicoverpa zea,Fabaceae,Glycine
Helicoverpa zea,Fabaceae,Indigofera
Helicoverpa zea,Fabaceae,Lablab
Helicoverpa zea,Fabaceae,Lathyrus
Helicoverpa zea,Fabaceae,Lespedeza
Helicoverpa zea,Fabaceae,Lupinus
Helicoverpa zea,Fabaceae,Medicago
Helicoverpa zea,Fabaceae,Melilotus
Helicoverpa zea,Fabaceae,Mucuna
Helicoverpa zea,Fabaceae,Phaseolus
Helicoverpa zea,Fabaceae,Pisum
Helicoverpa zea,Fabaceae,Trifolium
Helicoverpa zea,Fabaceae,Vicia
Helicoverpa zea,Fabaceae,Vigna
Helicoverpa zea,Asparagaceae,Asparagus
Helicoverpa zea,Solanaceae,Atropa
Helicoverpa zea,Solanaceae,Capsicum
Helicoverpa zea,Solanaceae,Datura
Helicoverpa zea,Solanaceae,Hyoscyamus
Helicoverpa zea,Solanaceae,Lycopersicon
Helicoverpa zea,Solanaceae,Nicotiana
Helicoverpa zea,Solanaceae,Physalis
Helicoverpa zea,Solanaceae,Solanum
Helicoverpa zea,Solanaceae,Withania
Helicoverpa zea,Poaceae,Avena
Helicoverpa zea,Poaceae,Brachiaria
Helicoverpa zea,Poaceae,Digitaria
Helicoverpa zea,Poaceae,Eleusine
Helicoverpa zea,Poaceae,Oryza
Helicoverpa zea,Poaceae,Panicum
Helicoverpa zea,Poaceae,Pennisetum
Helicoverpa zea,Poaceae,Saccharum
Helicoverpa zea,Poaceae,Secale
Helicoverpa zea,Poaceae,Setaria
Helicoverpa zea,Poaceae,Sorghum
Helicoverpa zea,Poaceae,Triticum
Helicoverpa zea,Poaceae,Zea
Helicoverpa zea,Brassicaceae,Brassica
Helicoverpa zea,Brassicaceae,Rorippa
Helicoverpa zea,Lamiaceae,Clinopodium
Helicoverpa zea,Lamiaceae,Mentha
Helicoverpa zea,Lamiaceae,Stachys
Helicoverpa zea,Lamiaceae,Calamintha
Helicoverpa zea,Cannaceae,Canna
Helicoverpa zea,Cannabaceae,Cannabis
Helicoverpa zea,Caricaceae,Carica
Helicoverpa zea,Cucurbitaceae,Citrullus
Helicoverpa zea,Cucurbitaceae,Cucumis
Helicoverpa zea,Cucurbitaceae,Cucurbita
Helicoverpa zea,Rutaceae,Citrus
Helicoverpa zea,Cleomaceae,Cleome
Helicoverpa zea,Rubiaceae,Coffea
Helicoverpa zea,Caryophyllaceae,Dianthus
Helicoverpa zea,Salicaceae,Dovyalis
Helicoverpa zea,Geraniaceae,Erodium
Helicoverpa zea,Geraniaceae,Geranium
Helicoverpa zea,Geraniaceae,Pelargonium
Helicoverpa zea,Myrtaceae,Eucalyptus
Helicoverpa zea,Rosaceae,Fragaria
Helicoverpa zea,Rosaceae,Malus
Helicoverpa zea,Rosaceae,Prunus
Helicoverpa zea,Rosaceae,Pyrus
Helicoverpa zea,Rosaceae,Rosa
Helicoverpa zea,Iridaceae,Gladiolus
Helicoverpa zea,Convolvulaceae,Ipomoea
Helicoverpa zea,Acanthaceae,Justicia
Helicoverpa zea,Proteaceae,Leucadendron
Helicoverpa zea,Linaceae,Linum
Helicoverpa zea,Scrophulariaceae,Nuttallanthus
Helicoverpa zea,Scrophulariaceae,Antirrhinum
Helicoverpa zea,Papaveraceae,Papaver
Helicoverpa zea,Lauraceae,Persea
Helicoverpa zea,Lauraceae,Sassafras
Helicoverpa zea,Polemoniaceae,Phlox
Helicoverpa zea,Polygonaceae,Polygonum
Helicoverpa zea,Resedaceae,Reseda
Helicoverpa zea,Euphorbiaceae,Ricinus
Helicoverpa zea,Vitaceae,Vitis
Helicoverpa zea,Alliaceae,Allium
Helicoverpa zea,Umbelliferae,Apium
Helicoverpa zea,Chenopodiaceae,Beta
Helicoverpa zea,Chenopodiaceae,Chenopodium
Helicoverpa zea,Chenopodiaceae,Spinacia
Helicoverpa zea,Capparaceae,Cleome
Helicoverpa zea,Flacourtiaceae,Dovyalis
Heliothis virescens,Malvaceae,Abelmoschus
Heliothis virescens,Malvaceae,Abutilon
Heliothis virescens,Malvaceae,Allowissadula
Heliothis virescens,Malvaceae,Bastardia
Heliothis virescens,Malvaceae,Gossypium
Heliothis virescens,Malvaceae,Hibiscus
Heliothis virescens,Asteraceae,Ageratum
Heliothis virescens,Asteraceae,Chrysothamnus
Heliothis virescens,Asteraceae,Croptilon
Heliothis virescens,Asteraceae,Geraea
Heliothis virescens,Asteraceae,Helianthus
Heliothis virescens,Asteraceae,Heterotheca
Heliothis virescens,Asteraceae,Lactuca
Heliothis virescens,Ranunculaceae,Aquilegia
Heliothis virescens,Fabaceae,Astragalus
Heliothis virescens,Fabaceae,Caesalpinia
Heliothis virescens,Fabaceae,Cajanus
Heliothis virescens,Fabaceae,Cicer
Heliothis virescens,Fabaceae,Desmodium
Heliothis virescens,Fabaceae,Glycine
Heliothis virescens,Fabaceae,Lathyrus
Heliothis virescens,Fabaceae,Lupinus
Heliothis virescens,Fabaceae,Medicago
Heliothis virescens,Fabaceae,Melilotus
Heliothis virescens,Fabaceae,Vigna
Heliothis virescens,Brassicaceae,Brassica
Heliothis virescens,Juglandaceae,Carya
Heliothis virescens,Poaceae,Cynodon
Heliothis virescens,Poaceae,Sorghum
Heliothis virescens,Solanaceae,Datura
Heliothis virescens,Solanaceae,Lycopersicon
Heliothis virescens,Solanaceae,Nicotiana
Heliothis virescens,Solanaceae,Petunia
Heliothis virescens,Solanaceae,Physalis
Heliothis virescens,Solanaceae,Solanum
Heliothis virescens,Geraniaceae,Erodium
Heliothis virescens,Geraniaceae,Geranium
Heliothis virescens,Geraniaceae,Pelargonium
Heliothis virescens,Myrtaceae,Eucalyptus
Heliothis virescens,Convolvulaceae,Ipomoea
Heliothis virescens,Scrophulariaceae,Linaria
Heliothis virescens,Scrophulariaceae,Nuttallanthus
Heliothis virescens,Linaceae,Linum
Heliothis virescens,Pedaliaceae,Martynia
Heliothis virescens,Pedaliaceae,Sesamum
Heliothis virescens,Lamiaceae,Pycnanthemum
Heliothis virescens,Melastomataceae,Rhexia
Heliothis virescens,Grossulariaceae,Ribes
Heliothis virescens,Rosaceae,Rosa
Heliothis virescens,Polygonaceae,Rumex
Mythimna separata,Poaceae,Oryza
Mythimna separata,Poaceae,Sorghum
Mythimna separata,Poaceae,Zea
Sesamia inferens,Poaceae,Andropogon
Sesamia inferens,Poaceae,Avena
Sesamia inferens,Poaceae,Coix
Sesamia inferens,Poaceae,Echinochloa
Sesamia inferens,Poaceae,Eleusine
Sesamia inferens,Poaceae,Eriochloa
Sesamia inferens,Poaceae,Hemarthria
Sesamia inferens,Poaceae,Hordeum
Sesamia inferens,Poaceae,Miscanthus
Sesamia inferens,Poaceae,Oryza
Sesamia inferens,Poaceae,Panicum
Sesamia inferens,Poaceae,Paspalum
Sesamia inferens,Poaceae,Pennisetum
Sesamia inferens,Poaceae,Phragmites
Sesamia inferens,Poaceae,Saccharum
Sesamia inferens,Poaceae,Setaria
Sesamia inferens,Poaceae,Sorghum
Sesamia inferens,Poaceae,Triticum
Sesamia inferens,Poaceae,Zea
Sesamia inferens,Poaceae,Zizania
Sesamia inferens,Cyperaceae,Bolboschoenus
Sesamia inferens,Cyperaceae,Cyperus
Sesamia inferens,Cyperaceae,Scirpus
Sesamia inferens,Ebenaceae,Diospyros
Spodoptera exigua,Malvaceae,Abelmoschus
Spodoptera exigua,Malvaceae,Alcea
Spodoptera exigua,Malvaceae,Corchorus
Spodoptera exigua,Malvaceae,Gossypium
Spodoptera exigua,Malvaceae,Hibiscus
Spodoptera exigua,Malvaceae,Malva
Spodoptera exigua,Araucariaceae,Agathis
Spodoptera exigua,Amaryllidaceae,Allium
Spodoptera exigua,Amaranthaceae,Amaranthus
Spodoptera exigua,Amaranthaceae,Atriplex
Spodoptera exigua,Amaranthaceae,Beta
Spodoptera exigua,Amaranthaceae,Chenopodium
Spodoptera exigua,Amaranthaceae,Salsola
Spodoptera exigua,Amaranthaceae,Spinacia
Spodoptera exigua,Fabaceae,Arachis
Spodoptera exigua,Fabaceae,Astragalus
Spodoptera exigua,Fabaceae,Crotalaria
Spodoptera exigua,Fabaceae,Dalbergia
Spodoptera exigua,Fabaceae,Glycine
Spodoptera exigua,Fabaceae,Indigofera
Spodoptera exigua,Fabaceae,Lathyrus
Spodoptera exigua,Fabaceae,Lens
Spodoptera exigua,Fabaceae,Lupinus
Spodoptera exigua,Fabaceae,Medicago
Spodoptera exigua,Fabaceae,Melilotus
Spodoptera exigua,Fabaceae,Phaseolus
Spodoptera exigua,Fabaceae,Pisum
Spodoptera exigua,Fabaceae,Sesbania
Spodoptera exigua,Fabaceae,Trifolium
Spodoptera exigua,Fabaceae,Vicia
Spodoptera exigua,Fabaceae,Vigna
Spodoptera exigua,Asparagaceae,Asparagus
Spodoptera exigua,Asteraceae,Aster
Spodoptera exigua,Asteraceae,Calendula
Spodoptera exigua,Asteraceae,Carthamus
Spodoptera exigua,Asteraceae,Geraea
Spodoptera exigua,Asteraceae,Helianthus
Spodoptera exigua,Asteraceae,Lactuca
Spodoptera exigua,Asteraceae,Sonchus
Spodoptera exigua,Asteraceae,Taraxacum
Spodoptera exigua,Poaceae,Avena
Spodoptera exigua,Poaceae,Eleusine
Spodoptera exigua,Poaceae,Oryza
Spodoptera exigua,Poaceae,Saccharum
Spodoptera exigua,Poaceae,Sorghum
Spodoptera exigua,Poaceae,Zea
Spodoptera exigua,Poaceae,Zoysia
Spodoptera exigua,Nyctaginaceae,Boerhavia
Spodoptera exigua,Brassicaceae,Brassica
Spodoptera exigua,Brassicaceae,Cardamine
Spodoptera exigua,Brassicaceae,Eruca
Spodoptera exigua,Brassicaceae,Raphanus
Spodoptera exigua,Solanaceae,Capsicum
Spodoptera exigua,Solanaceae,Datura
Spodoptera exigua,Solanaceae,Lycopersicon
Spodoptera exigua,Solanaceae,Nicotiana
Spodoptera exigua,Solanaceae,Solanum
Spodoptera exigua,Cucurbitaceae,Citrullus
Spodoptera exigua,Cucurbitaceae,Cucurbita
Spodoptera exigua,Cucurbitaceae,Trichosanthes
Spodoptera exigua,Cucurbitaceae,Cucumis
Spodoptera exigua,Cleomaceae,Cleome
Spodoptera exigua,Rubiaceae,Coffea
Spodoptera exigua,Apiaceae,Coriandrum
Spodoptera exigua,Apiaceae,Daucus
Spodoptera exigua,Lamiaceae,Elsholtzia
Spodoptera exigua,Gisekiaceae,Gisekia
Spodoptera exigua,Iridaceae,Gladiolus
Spodoptera exigua,Caryophyllaceae,Gypsophila
Spodoptera exigua,Convolvulaceae,Ipomoea
Spodoptera exigua,Linaceae,Linum
Spodoptera exigua,Rosaceae,Malus
Spodoptera exigua,Piperaceae,Piper
Spodoptera exigua,Plantaginaceae,Plantago
Spodoptera exigua,Polygonaceae,Polygonum
Spodoptera exigua,Portulacaceae,Portulaca
Spodoptera exigua,Fagaceae,Quercus
Spodoptera exigua,Fagaceae,Fagus
Spodoptera exigua,Euphorbiaceae,Ricinus
Spodoptera exigua,Pedaliaceae,Sesamum
Spodoptera exigua,Aizoaceae,Tetragonia
Spodoptera exigua,Scrophulariaceae,Verbascum
Spodoptera exigua,Vitaceae,Vitis
Spodoptera exigua,Alliaceae,Allium
Spodoptera exigua,Chenopodiaceae,Atriplex
Spodoptera exigua,Chenopodiaceae,Beta
Spodoptera exigua,Chenopodiaceae,Chenopodium
Spodoptera exigua,Chenopodiaceae,Salsola
Spodoptera exigua,Chenopodiaceae,Spinacia
Spodoptera exigua,Capparaceae,Cleome
Spodoptera exigua,Tiliaceae,Corchorus
Spodoptera exigua,Umbelliferae,Coriandrum
Spodoptera exigua,Umbelliferae,Daucus
Spodoptera frugiperda,Euphorbiaceae,Acalypha
Spodoptera frugiperda,Euphorbiaceae,Croton
Spodoptera frugiperda,Poaceae,Agrostis
Spodoptera frugiperda,Poaceae,Andropogon
Spodoptera frugiperda,Poaceae,Avena
Spodoptera frugiperda,Poaceae,Brachiaria
Spodoptera frugiperda,Poaceae,Cenchrus
Spodoptera frugiperda,Poaceae,Chloris
Spodoptera frugiperda,Poaceae,Cynodon
Spodoptera frugiperda,Poaceae,Dactyloctenium
Spodoptera frugiperda,Poaceae,Digitaria
Spodoptera frugiperda,Poaceae,Echinochloa
Spodoptera frugiperda,Poaceae,Eleusine
Spodoptera frugiperda,Poaceae,Eremochloa
Spodoptera frugiperda,Poaceae,Hordeum
Spodoptera frugiperda,Poaceae,Lolium
Spodoptera frugiperda,Poaceae,Oryza
Spodoptera frugiperda,Poaceae,Panicum
Spodoptera frugiperda,Poaceae,Paspalum
Spodoptera frugiperda,Poaceae,Pennisetum
Spodoptera frugiperda,Poaceae,Phleum
Spodoptera frugiperda,Poaceae,Poa
Spodoptera frugiperda,Poaceae,Saccharum
Spodoptera frugiperda,Poaceae,Secale
Spodoptera frugiperda,Poaceae,Setaria
Spodoptera frugiperda,Poaceae,Sorghum
Spodoptera frugiperda,Poaceae,Stenotaphrum
Spodoptera frugiperda,Poaceae,Triticum
Spodoptera frugiperda,Poaceae,Zea
Spodoptera frugiperda,Poaceae,Zoysia
Spodoptera frugiperda,Poaceae,Eriochloa
Spodoptera frugiperda,Malvaceae,Alcea
Spodoptera frugiperda,Malvaceae,Gossypium
Spodoptera frugiperda,Amaryllidaceae,Allium
Spodoptera frugiperda,Amaranthaceae,Amaranthus
Spodoptera frugiperda,Amaranthaceae,Beta
Spodoptera frugiperda,Amaranthaceae,Chenopodium
Spodoptera frugiperda,Amaranthaceae,Spinacia
Spodoptera frugiperda,Fabaceae,Arachis
Spodoptera frugiperda,Fabaceae,Cajanus
Spodoptera frugiperda,Fabaceae,Cicer
Spodoptera frugiperda,Fabaceae,Glycine
Spodoptera frugiperda,Fabaceae,Macroptilium
Spodoptera frugiperda,Fabaceae,Medicago
Spodoptera frugiperda,Fabaceae,Mucuna
Spodoptera frugiperda,Fabaceae,Phaseolus
Spodoptera frugiperda,Fabaceae,Pisum
Spodoptera frugiperda,Fabaceae,Pueraria
Spodoptera frugiperda,Fabaceae,Trifolium
Spodoptera frugiperda,Fabaceae,Vigna
Spodoptera frugiperda,Fabaceae,Wisteria
Spodoptera frugiperda,Apocynaceae,Asclepias
Spodoptera frugiperda,Apocynaceae,Plumeria
Spodoptera frugiperda,Asparagaceae,Asparagus
Spodoptera frugiperda,Solanaceae,Atropa
Spodoptera frugiperda,Solanaceae,Capsicum
Spodoptera frugiperda,Solanaceae,Lycopersicon
Spodoptera frugiperda,Solanaceae,Nicotiana
Spodoptera frugiperda,Solanaceae,Solanum
Spodoptera frugiperda,Brassicaceae,Brassica
Spodoptera frugiperda,Cyperaceae,Carex
Spodoptera frugiperda,Cyperaceae,Cyperus
Spodoptera frugiperda,Caricaceae,Carica
Spodoptera frugiperda,Juglandaceae,Carya
Spodoptera frugiperda,Asteraceae,Chrysanthemum
Spodoptera frugiperda,Asteraceae,Chrysothamnus
Spodoptera frugiperda,Asteraceae,Dahlia
Spodoptera frugiperda,Asteraceae,Helianthus
Spodoptera frugiperda,Asteraceae,Xanthium
Spodoptera frugiperda,Asteraceae,Baccharis
Spodoptera frugiperda,Cucurbitaceae,Citrullus
Spodoptera frugiperda,Cucurbitaceae,Cucumis
Spodoptera frugiperda,Rutaceae,Citrus
Spodoptera frugiperda,Convolvulaceae,Convolvulus
Spodoptera frugiperda,Convolvulaceae,Ipomoea
Spodoptera frugiperda,Myrtaceae,Eucalyptus
Spodoptera frugiperda,Polygonaceae,Fagopyrum
Spodoptera frugiperda,Rosaceae,Fragaria
Spodoptera frugiperda,Rosaceae,Malus
Spodoptera frugiperda,Rosaceae,Prunus
Spodoptera frugiperda,Geraniaceae,Geranium
Spodoptera frugiperda,Iridaceae,Gladiolus
Spodoptera frugiperda,Linaceae,Linum
Spodoptera frugiperda,Musaceae,Musa
Spodoptera frugiperda,Boraginaceae,Lithospermum
Spodoptera frugiperda,Apiaceae,Petroselinum
Spodoptera frugiperda,Platanaceae,Platanus
Spodoptera frugiperda,Portulacaceae,Portulaca
Spodoptera frugiperda,Ericaceae,Vaccinium
Spodoptera frugiperda,Violaceae,Viola
Spodoptera frugiperda,Vitaceae,Vitis
Spodoptera frugiperda,Alliaceae,Allium
Spodoptera frugiperda,Asclepiadaceae,Asclepias
Spodoptera frugiperda,Chenopodiaceae,Beta
Spodoptera frugiperda,Chenopodiaceae,Chenopodium
Spodoptera frugiperda,Chenopodiaceae,Spinacia
Spodoptera frugiperda,Umbelliferae,Petroselinum
Striacosta albicosta,Fabaceae,Phaseolus
Striacosta albicosta,Fabaceae,Vigna
Striacosta albicosta,Solanaceae,Physalis
Striacosta albicosta,Solanaceae,Solanum
Striacosta albicosta,Poaceae,Zea
Manoba major,Combretaceae,Terminalia
Pheosia gnoma,Betulaceae,Betula
Bicyclus anynana,Poaceae,Ehrharta
Bicyclus anynana,Cyperaceae,
Danaus plexippus,Apocynaceae,Apocynum
Danaus plexippus,Apocynaceae,Araujia
Danaus plexippus,Apocynaceae,Asclepias
Danaus plexippus,Apocynaceae,Calotropis
Danaus plexippus,Apocynaceae,Cynanchum
Danaus plexippus,Apocynaceae,Gomphocarpus
Danaus plexippus,Apocynaceae,Gonolobus
Danaus plexippus,Apocynaceae,Marsdenia
Danaus plexippus,Apocynaceae,Matelea
Danaus plexippus,Apocynaceae,Orbea
Danaus plexippus,Apocynaceae,Oxypetalum
Danaus plexippus,Apocynaceae,Oxystelma
Danaus plexippus,Apocynaceae,Stephanotis
Danaus plexippus,Rutaceae,Citrus
Danaus plexippus,Euphorbiaceae,Euphorbia
Danaus plexippus,Malvaceae,Gossypium
Danaus plexippus,Convolvulaceae,Ipomoea
Danaus plexippus,Sapotaceae,Manilkara
Danaus plexippus,Asclepiadaceae,Araujia
Danaus plexippus,Asclepiadaceae,Asclepias
Danaus plexippus,Asclepiadaceae,Calotropis
Danaus plexippus,Asclepiadaceae,Cynanchum
Danaus plexippus,Asclepiadaceae,Gomphocarpus
Danaus plexippus,Asclepiadaceae,Gonolobus
Danaus plexippus,Asclepiadaceae,Marsdenia
Danaus plexippus,Asclepiadaceae,Matelea
Danaus plexippus,Asclepiadaceae,Orbea
Danaus plexippus,Asclepiadaceae,Oxypetalum
Danaus plexippus,Asclepiadaceae,Oxystelma
Danaus plexippus,Asclepiadaceae,Sarcostemma
Danaus plexippus,Asclepiadaceae,Stephanotis
Heliconius melpomene,Passifloraceae,Passiflora
Junonia coenia,Orobanchaceae,Agalinis
Junonia coenia,Orobanchaceae,Buchnera
Junonia coenia,Orobanchaceae,Castilleja
Junonia coenia,Plantaginaceae,Antirrhinum
Junonia coenia,Plantaginaceae,Plantago
Junonia coenia,Garryaceae,Aucuba
Junonia coenia,Scrophulariaceae,Aureolaria
Junonia coenia,Scrophulariaceae,Cymbalaria
Junonia coenia,Scrophulariaceae,Diascia
Junonia coenia,Scrophulariaceae,Digitalis
Junonia coenia,Scrophulariaceae,Kickxia
Junonia coenia,Scrophulariaceae,Linaria
Junonia coenia,Scrophulariaceae,Maurandella
Junonia coenia,Scrophulariaceae,Mimulus
Junonia coenia,Scrophulariaceae,Nuttallanthus
Junonia coenia,Scrophulariaceae,Penstemon
Junonia coenia,Scrophulariaceae,Russelia
Junonia coenia,Scrophulariaceae,Seymeria
Junonia coenia,Scrophulariaceae,Striga
Junonia coenia,Scrophulariaceae,Veronica
Junonia coenia,Scrophulariaceae,Agalinis
Junonia coenia,Scrophulariaceae,Antirrhinum
Junonia coenia,Scrophulariaceae,Buchnera
Junonia coenia,Scrophulariaceae,Castilleja
Junonia coenia,Acanthaceae,Dyschoriste
Junonia coenia,Acanthaceae,Ruellia
Junonia coenia,Verbenaceae,Lippia
Junonia coenia,Verbenaceae,Phyla
Junonia coenia,Verbenaceae,Verbena
Junonia coenia,Crassulaceae,Sedum
Junonia coenia,Aucubaceae,Aucuba
Maniola jurtina,Poaceae,Agrostis
Maniola jurtina,Poaceae,Brachypodium
Maniola jurtina,Poaceae,Elymus
Maniola jurtina,Poaceae,Lolium
Maniola jurtina,Poaceae,Milium
Maniola jurtina,Poaceae,Poa
Maniola jurtina,Poaceae,Stipa
Melitaea cinxia,Asteraceae,Achillea
Melitaea cinxia,Asteraceae,Centaurea
Melitaea cinxia,Asteraceae,Hieracium
Melitaea cinxia,Poaceae,Corynephorus
Melitaea cinxia,Plantaginaceae,Plantago
Melitaea cinxia,Scrophulariaceae,Veronica
Melitaea cinxia,Violaceae,Viola
Pararge aegeria,Poaceae,Agropyron
Pararge aegeria,Poaceae,Brachypodium
Pararge aegeria,Poaceae,Bromus
Pararge aegeria,Poaceae,Cynodon
Pararge aegeria,Poaceae,Dactylis
Pararge aegeria,Poaceae,Elymus
Pararge aegeria,Poaceae,Holcus
Pararge aegeria,Poaceae,Hordeum
Pararge aegeria,Poaceae,Melica
Pararge aegeria,Poaceae,Oryzopsis
Pararge aegeria,Poaceae,Poa
Pararge aegeria,Poaceae,Elytrigia
Polygonia c-album,Betulaceae,Betula
Polygonia c-album,Betulaceae,Corylus
Polygonia c-album,Urticaceae,Boehmeria
Polygonia c-album,Urticaceae,Urtica
Polygonia c-album,Cannabaceae,Celtis
Polygonia c-album,Cannabaceae,Humulus
Polygonia c-album,Caprifoliaceae,Lonicera
Polygonia c-album,Rosaceae,Prunus
Polygonia c-album,Rosaceae,Rubus
Polygonia c-album,Fagaceae,Quercus
Polygonia c-album,Grossulariaceae,Ribes
Polygonia c-album,Salicaceae,Salix
Polygonia c-album,Ulmaceae,Ulmus
Polygonia c-album,Ulmaceae,Zelkova
Polygonia c-album,Ulmaceae,Celtis
Polygonia c-album,Corylaceae,Corylus
Pseudopostega quadristrigella,Grossulariaceae,Ribes
Luehdorfia chinensis,Aristolochiaceae,Asarum
Papilio glaucus,Sapindaceae,Acer
Papilio glaucus,Betulaceae,Alnus
Papilio glaucus,Betulaceae,Betula
Papilio glaucus,Betulaceae,Carpinus
Papilio glaucus,Betulaceae,Corylus
Papilio glaucus,Rosaceae,Amelanchier
Papilio glaucus,Rosaceae,Crataegus
Papilio glaucus,Rosaceae,Cydonia
Papilio glaucus,Rosaceae,Malus
Papilio glaucus,Rosaceae,Prunus
Papilio glaucus,Rosaceae,Sorbus
Papilio glaucus,Acanthaceae,Ruellia
Papilio glaucus,Juglandaceae,Carya
Papilio glaucus,Bignoniaceae,Catalpa
Papilio glaucus,Lauraceae,Cinnamomum
Papilio glaucus,Lauraceae,Lindera
Papilio glaucus,Lauraceae,Sassafras
Papilio glaucus,Asteraceae,Cirsium
Papilio glaucus,Oleaceae,Fraxinus
Papilio glaucus,Oleaceae,Syringa
Papilio glaucus,Magnoliaceae,Liriodendron
Papilio glaucus,Magnoliaceae,Magnolia
Papilio glaucus,Salicaceae,Populus
Papilio glaucus,Salicaceae,Salix
Papilio glaucus,Rutaceae,Ptelea
Papilio glaucus,Rutaceae,Zanthoxylum
Papilio glaucus,Fagaceae,Quercus
Papilio glaucus,Styracaceae,Styrax
Papilio glaucus,Malvaceae,Tilia
Papilio glaucus,Aceraceae,Acer
Papilio glaucus,Tiliaceae,Tilia
Papilio glaucus,Corylaceae,Corylus
Papilio glaucus,Corylaceae,Carpinus
Papilio glaucus,Ulmaceae,Ulmus
Papilio machaon,Apiaceae,Aegopodium
Papilio machaon,Apiaceae,Ammi
Papilio machaon,Apiaceae,Anethum
Papilio machaon,Apiaceae,Angelica
Papilio machaon,Apiaceae,Apium
Papilio machaon,Apiaceae,Carum
Papilio machaon,Apiaceae,Cicuta
Papilio machaon,Apiaceae,Conioselinum
Papilio machaon,Apiaceae,Conium
Papilio machaon,Apiaceae,Coriandrum
Papilio machaon,Apiaceae,Cryptotaenia
Papilio machaon,Apiaceae,Daucus
Papilio machaon,Apiaceae,Ducrosia
Papilio machaon,Apiaceae,Foeniculum
Papilio machaon,Apiaceae,Glehnia
Papilio machaon,Apiaceae,Heracleum
Papilio machaon,Apiaceae,Levisticum
Papilio machaon,Apiaceae,Ligusticum
Papilio machaon,Apiaceae,Pastinaca
Papilio machaon,Apiaceae,Petroselinum
Papilio machaon,Apiaceae,Peucedanum
Papilio machaon,Apiaceae,Pimpinella
Papilio machaon,Apiaceae,Selinum
Papilio machaon,Apiaceae,Seseli
Papilio machaon,Apiaceae,Tilingia
Papilio machaon,Apiaceae,Zizia
Papilio machaon,Asteraceae,Artemisia
Papilio machaon,Asteraceae,Cosmos
Papilio machaon,Asteraceae,Petasites
Papilio machaon,Rutaceae,Citrus
Papilio machaon,Rutaceae,Dictamnus
Papilio machaon,Rutaceae,Haplophyllum
Papilio machaon,Rutaceae,Phellodendron
Papilio machaon,Rutaceae,Ruta
Papilio machaon,Rutaceae,Thamnosma
Papilio machaon,Rutaceae,Zanthoxylum
Papilio machaon,Zygophyllaceae,Malacocarpus
Papilio machaon,Tamaricaceae,Tamarix
Papilio machaon,Umbelliferae,Aegopodium
Papilio machaon,Umbelliferae,Ammi
Papilio machaon,Umbelliferae,Anethum
Papilio machaon,Umbelliferae,Angelica
Papilio machaon,Umbelliferae,Apium
Papilio machaon,Umbelliferae,Carum
Papilio machaon,Umbelliferae,Cicuta
Papilio machaon,Umbelliferae,Conioselinum
Papilio machaon,Umbelliferae,Conium
Papilio machaon,Umbelliferae,Coriandrum
Papilio machaon,Umbelliferae,Cryptotaenia
Papilio machaon,Umbelliferae,Daucus
Papilio machaon,Umbelliferae,Ducrosia
Papilio machaon,Umbelliferae,Foeniculum
Papilio machaon,Umbelliferae,Glehnia
Papilio machaon,Umbelliferae,Heracleum
Papilio machaon,Umbelliferae,Levisticum
Papilio machaon,Umbelliferae,Ligusticum
Papilio machaon,Umbelliferae,Pastinaca
Papilio machaon,Umbelliferae,Petroselinum
Papilio machaon,Umbelliferae,Peucedanum
Papilio machaon,Umbelliferae,Pimpinella
Papilio machaon,Umbelliferae,Seseli
Papilio machaon,Umbelliferae,Tilingia
Papilio machaon,Umbelliferae,Zizia
Papilio machaon,Umbelliferae,Selinum
Parides eurimedes,Aristolochiaceae,Aristolochia
Anthocharis cardamines,Brassicaceae,Alliaria
Anthocharis cardamines,Brassicaceae,Arabis
Anthocharis cardamines,Brassicaceae,Barbarea
Anthocharis cardamines,Brassicaceae,Brassica
Anthocharis cardamines,Brassicaceae,Capsella
Anthocharis cardamines,Brassicaceae,Cardamine
Anthocharis cardamines,Brassicaceae,Isatis
Anthocharis cardamines,Brassicaceae,Rorippa
Anthocharis cardamines,Brassicaceae,Thlaspi
Ascia monuste,Amaryllidaceae,Allium
Ascia monuste,Brassicaceae,Armoracia
Ascia monuste,Brassicaceae,Brassica
Ascia monuste,Brassicaceae,Cakile
Ascia monuste,Brassicaceae,Capsella
Ascia monuste,Brassicaceae,Lepidium
Ascia monuste,Brassicaceae,Lobularia
Ascia monuste,Brassicaceae,Raphanus
Ascia monuste,Brassicaceae,Rorippa
Ascia monuste,Brassicaceae,Sinapis
Ascia monuste,Bataceae,Batis
Ascia monuste,Capparaceae,Capparis
Ascia monuste,Capparaceae,Crateva
Ascia monuste,Capparaceae,Polanisia
Ascia monuste,Capparaceae,Cleome
Ascia monuste,Fabaceae,Cassia
Ascia monuste,Cleomaceae,Cleome
Ascia monuste,Tropaeolaceae,Tropaeolum
Ascia monuste,Alliaceae,Allium
Colias croceus,Fabaceae,Lotus
Colias croceus,Fabaceae,Medicago
Colias croceus,Fabaceae,Trifolium
Hebomoia glaucippe,Brassicaceae,Brassica
Hebomoia glaucippe,Capparaceae,Capparis
Hebomoia glaucippe,Capparaceae,Crateva
Hebomoia glaucippe,Capparaceae,Cleome
Hebomoia glaucippe,Cleomaceae,Cleome
Phoebis sennae,Salicaceae,Casearia
Phoebis sennae,Fabaceae,Cassia
Phoebis sennae,Fabaceae,Chamaecrista
Phoebis sennae,Fabaceae,Crotalaria
Phoebis sennae,Fabaceae,Phaseolus
Phoebis sennae,Fabaceae,Senna
Phoebis sennae,Brassicaceae,
Phoebis sennae,Flacourtiaceae,Casearia
Plutella xylostella,Brassicaceae,Alyssum
Plutella xylostella,Brassicaceae,Brassica
Plutella xylostella,Brassicaceae,Erysimum
Plutella xylostella,Brassicaceae,Iberis
Plutella xylostella,Brassicaceae,Lepidium
Plutella xylostella,Brassicaceae,Lobularia
Plutella xylostella,Brassicaceae,Matthiola
Plutella xylostella,Brassicaceae,Raphanus
Plutella xylostella,Brassicaceae,Rorippa
Plutella xylostella,Apiaceae,Apium
Plutella xylostella,Apiaceae,Daucus
Plutella xylostella,Fabaceae,Arachis
Plutella xylostella,Fabaceae,Vicia
Plutella xylostella,Capparaceae,Capparis
Plutella xylostella,Asteraceae,Galinsoga
Plutella xylostella,Rubiaceae,Guettarda
Plutella xylostella,Caprifoliaceae,Lonicera
Plutella xylostella,Poaceae,Saccharum
Plutella xylostella,Poaceae,Zea
Plutella xylostella,Dipterocarpaceae,Shorea
Plutella xylostella,Solanaceae,Solanum
Plutella xylostella,Amaranthaceae,Spinacia
Plutella xylostella,Umbelliferae,Apium
Plutella xylostella,Umbelliferae,Daucus
Plutella xylostella,Chenopodiaceae,Spinacia
Tegeticula yuccasella,Asparagaceae,Yucca
Tegeticula yuccasella,Agavaceae,Yucca
Thyridopteryx ephemeraeformis,Sapindaceae,Acer
Thyridopteryx ephemeraeformis,Sapindaceae,Aesculus
Thyridopteryx ephemeraeformis,Sapindaceae,Litchi
Thyridopteryx ephemeraeformis,Asteraceae,Ageratina
Thyridopteryx ephemeraeformis,Asteraceae,Ambrosia
Thyridopteryx ephemeraeformis,Asteraceae,Anthemis
Thyridopteryx ephemeraeformis,Asteraceae,Erigeron
Thyridopteryx ephemeraeformis,Asteraceae,Helianthus
Thyridopteryx ephemeraeformis,Asteraceae,Vernonia
Thyridopteryx ephemeraeformis,Asteraceae,Conyza
Thyridopteryx ephemeraeformis,Rosaceae,Amelanchier
Thyridopteryx ephemeraeformis,Rosaceae,Crataegus
Thyridopteryx ephemeraeformis,Rosaceae,Cydonia
Thyridopteryx ephemeraeformis,Rosaceae,Malus
Thyridopteryx ephemeraeformis,Rosaceae,Physocarpus
Thyridopteryx ephemeraeformis,Rosaceae,Prunus
Thyridopteryx ephemeraeformis,Rosaceae,Pyracantha
Thyridopteryx ephemeraeformis,Rosaceae,Pyrus
Thyridopteryx ephemeraeformis,Rosaceae,Rosa
Thyridopteryx ephemeraeformis,Annonaceae,Annona
Thyridopteryx ephemeraeformis,Fabaceae,Bauhinia
Thyridopteryx ephemeraeformis,Fabaceae,Cercis
Thyridopteryx ephemeraeformis,Fabaceae,Gleditsia
Thyridopteryx ephemeraeformis,Fabaceae,Melilotus
Thyridopteryx ephemeraeformis,Fabaceae,Robinia
Thyridopteryx ephemeraeformis,Fabaceae,Trifolium
Thyridopteryx ephemeraeformis,Fabaceae,Wisteria
Thyridopteryx ephemeraeformis,Berberidaceae,Berberis
Thyridopteryx ephemeraeformis,Betulaceae,Betula
Thyridopteryx ephemeraeformis,Betulaceae,Carpinus
Thyridopteryx ephemeraeformis,Myrtaceae,Callistemon
Thyridopteryx ephemeraeformis,Myrtaceae,Melaleuca
Thyridopteryx ephemeraeformis,Myrtaceae,Psidium
Thyridopteryx ephemeraeformis,Juglandaceae,Carya
Thyridopteryx ephemeraeformis,Fagaceae,Castanea
Thyridopteryx ephemeraeformis,Fagaceae,Fagus
Thyridopteryx ephemeraeformis,Fagaceae,Quercus
Thyridopteryx ephemeraeformis,Casuarinaceae,Casuarina
Thyridopteryx ephemeraeformis,Bignoniaceae,Catalpa
Thyridopteryx ephemeraeformis,Pinaceae,Cedrus
Thyridopteryx ephemeraeformis,Pinaceae,Larix
Thyridopteryx ephemeraeformis,Pinaceae,Picea
Thyridopteryx ephemeraeformis,Pinaceae,Pinus
Thyridopteryx ephemeraeformis,Pinaceae,Tsuga
Thyridopteryx ephemeraeformis,Cannabaceae,Celtis
Thyridopteryx ephemeraeformis,Cannabaceae,Humulus
Thyridopteryx ephemeraeformis,Cupressaceae,Chamaecyparis
Thyridopteryx ephemeraeformis,Cupressaceae,Cupressus
Thyridopteryx ephemeraeformis,Cupressaceae,Juniperus
Thyridopteryx ephemeraeformis,Cupressaceae,Platycladus
Thyridopteryx ephemeraeformis,Cupressaceae,Taxodium
Thyridopteryx ephemeraeformis,Cupressaceae,Thuja
Thyridopteryx ephemeraeformis,Rutaceae,Citrus
Thyridopteryx ephemeraeformis,Ranunculaceae,Clematis
Thyridopteryx ephemeraeformis,Polygonaceae,Coccoloba
Thyridopteryx ephemeraeformis,Polygonaceae,Rumex
Thyridopteryx ephemeraeformis,Cornaceae,Cornus
Thyridopteryx ephemeraeformis,Ebenaceae,Diospyros
Thyridopteryx ephemeraeformis,Oleaceae,Fraxinus
Thyridopteryx ephemeraeformis,Oleaceae,Syringa
Thyridopteryx ephemeraeformis,Ericaceae,Gaylussacia
Thyridopteryx ephemeraeformis,Malvaceae,Gossypium
Thyridopteryx ephemeraeformis,Malvaceae,Hibiscus
Thyridopteryx ephemeraeformis,Malvaceae,Thespesia
Thyridopteryx ephemeraeformis,Malvaceae,Tilia
Thyridopteryx ephemeraeformis,Hamamelidaceae,Hamamelis
Thyridopteryx ephemeraeformis,Hamamelidaceae,Liquidambar
Thyridopteryx ephemeraeformis,Aquifoliaceae,Ilex
Thyridopteryx ephemeraeformis,Iridaceae,Iris
Thyridopteryx ephemeraeformis,Rubiaceae,Ixora
Thyridopteryx ephemeraeformis,Amaranthaceae,Kochia
Thyridopteryx ephemeraeformis,Lythraceae,Lagerstroemia
Thyridopteryx ephemeraeformis,Lythraceae,Punica
Thyridopteryx ephemeraeformis,Verbenaceae,Lantana
Thyridopteryx ephemeraeformis,Brassicaceae,Lepidium
Thyridopteryx ephemeraeformis,Altingiaceae,Liquidambar
Thyridopteryx ephemeraeformis,Magnoliaceae,Liriodendron
Thyridopteryx ephemeraeformis,Moraceae,Maclura
Thyridopteryx ephemeraeformis,Anacardiaceae,Mangifera
Thyridopteryx ephemeraeformis,Anacardiaceae,Rhus
Thyridopteryx ephemeraeformis,Anacardiaceae,Schinus
Thyridopteryx ephemeraeformis,Myricaceae,Myrica
Thyridopteryx ephemeraeformis,Lauraceae,Persea
Thyridopteryx ephemeraeformis,Lauraceae,Sassafras
Thyridopteryx ephemeraeformis,Phytolaccaceae,Phytolacca
Thyridopteryx ephemeraeformis,Platanaceae,Platanus
Thyridopteryx ephemeraeformis,Salicaceae,Populus
Thyridopteryx ephemeraeformis,Salicaceae,Salix
Thyridopteryx ephemeraeformis,Rhamnaceae,Rhamnus
Thyridopteryx ephemeraeformis,Arecaceae,Roystonea
Thyridopteryx ephemeraeformis,Caprifoliaceae,Sambucus
Thyridopteryx ephemeraeformis,Smilacaceae,Smilax
Thyridopteryx ephemeraeformis,Ulmaceae,Ulmus
Thyridopteryx ephemeraeformis,Ulmaceae,Celtis
Thyridopteryx ephemeraeformis,Poaceae,Zea
Thyridopteryx ephemeraeformis,Aceraceae,Acer
Thyridopteryx ephemeraeformis,Hippocastanaceae,Aesculus
Thyridopteryx ephemeraeformis,Corylaceae,Carpinus
Thyridopteryx ephemeraeformis,Chenopodiaceae,Kochia
Thyridopteryx ephemeraeformis,Taxodiaceae,Taxodium
Thyridopteryx ephemeraeformis,Tiliaceae,Tilia
Emmelina monodactyla,Amaranthaceae,Atriplex
Emmelina monodactyla,Amaranthaceae,Chenopodium
Emmelina monodactyla,Ericaceae,Calluna
Emmelina monodactyla,Ericaceae,Vaccinium
Emmelina monodactyla,Convolvulaceae,Calystegia
Emmelina monodactyla,Convolvulaceae,Convolvulus
Emmelina monodactyla,Convolvulaceae,Ipomoea
Emmelina monodactyla,Asteraceae,Cynara
Emmelina monodactyla,Asteraceae,Eupatorium
Emmelina monodactyla,Asteraceae,Senecio
Emmelina monodactyla,Solanaceae,Datura
Emmelina monodactyla,Solanaceae,Hyoscyamus
Emmelina monodactyla,Polygonaceae,Polygonum
Emmelina monodactyla,Chenopodiaceae,Atriplex
Emmelina monodactyla,Chenopodiaceae,Chenopodium
Lantanophaga pusillidactyla,Euphorbiaceae,Caperonia
Lantanophaga pusillidactyla,Asteraceae,Helianthus
Lantanophaga pusillidactyla,Verbenaceae,Lantana
Lantanophaga pusillidactyla,Verbenaceae,Lippia
Pterophorus pentadactyla,Convolvulaceae,Calystegia
Pterophorus pentadactyla,Convolvulaceae,Convolvulus
Pterophorus pentadactyla,Solanaceae,Solanum
Amyelois transitella,Fabaceae,Acacia
Amyelois transitella,Fabaceae,Caesalpinia
Amyelois transitella,Fabaceae,Cajanus
Amyelois transitella,Fabaceae,Cassia
Amyelois transitella,Fabaceae,Gleditsia
Amyelois transitella,Fabaceae,Hymenaea
Amyelois transitella,Fabaceae,Pithecellobium
Amyelois transitella,Fabaceae,Robinia
Amyelois transitella,Fabaceae,Tamarindus
Amyelois transitella,Sapindaceae,Aesculus
Amyelois transitella,Sapindaceae,Sapindus
Amyelois transitella,Annonaceae,Annona
Amyelois transitella,Rubiaceae,Casasia
Amyelois transitella,Rubiaceae,Coffea
Amyelois transitella,Rubiaceae,Genipa
Amyelois transitella,Rubiaceae,Randia
Amyelois transitella,Rutaceae,Citrus
Amyelois transitella,Rosaceae,Cydonia
Amyelois transitella,Rosaceae,Malus
Amyelois transitella,Rosaceae,Prunus
Amyelois transitella,Rosaceae,Pyrus
Amyelois transitella,Moraceae,Ficus
Amyelois transitella,Capparaceae,Forchhammeria
Amyelois transitella,Juglandaceae,Juglans
Amyelois transitella,Chrysobalanaceae,Licania
Amyelois transitella,Anacardiaceae,Mangifera
Amyelois transitella,Anacardiaceae,Pistacia
Amyelois transitella,Paeoniaceae,Paeonia
Amyelois transitella,Arecaceae,Phoenix
Amyelois transitella,Lythraceae,Punica
Amyelois transitella,Malvaceae,Theobroma
Amyelois transitella,Asparagaceae,Yucca
Amyelois transitella,Poaceae,Zea
Amyelois transitella,Hippocastanaceae,Aesculus
Amyelois transitella,Sterculiaceae,Theobroma
Amyelois transitella,Agavaceae,Yucca
Galleria mellonella,Insecta,Pseudogonia
Plodia interpunctella,Fabaceae,Arachis
Plodia interpunctella,Fabaceae,Ceratonia
Plodia interpunctella,Fabaceae,Cicer
Plodia interpunctella,Fabaceae,Dipteryx
Plodia interpunctella,Fabaceae,Gleditsia
Plodia interpunctella,Fabaceae,Glycine
Plodia interpunctella,Fabaceae,Lens
Plodia interpunctella,Fabaceae,Phaseolus
Plodia interpunctella,Fabaceae,Pisum
Plodia interpunctella,Fabaceae,Prosopis
Plodia interpunctella,Fabaceae,Vicia
Plodia interpunctella,Fabaceae,Vigna
Plodia interpunctella,Poaceae,Avena
Plodia interpunctella,Poaceae,Hordeum
Plodia interpunctella,Poaceae,Oryza
Plodia interpunctella,Poaceae,Secale
Plodia interpunctella,Poaceae,Sorghum
Plodia interpunctella,Poaceae,Triticum
Plodia interpunctella,Poaceae,Zea
Plodia interpunctella,Berberidaceae,Berberis
Plodia interpunctella,Brassicaceae,Brassica
Plodia interpunctella,Theaceae,Camellia
Plodia interpunctella,Solanaceae,Capsicum
Plodia interpunctella,Solanaceae,Solanum
Plodia interpunctella,Fagaceae,Castanea
Plodia interpunctella,Fagaceae,Quercus
Plodia interpunctella,Betulaceae,Corylus
Plodia interpunctella,Cucurbitaceae,Cucurbita
Plodia interpunctella,Polygonaceae,Fagopyrum
Plodia interpunctella,Moraceae,Ficus
Plodia interpunctella,Moraceae,Morus
Plodia interpunctella,Malvaceae,Gossypium
Plodia interpunctella,Malvaceae,Theobroma
Plodia interpunctella,Juglandaceae,Juglans
Plodia interpunctella,Pinaceae,Larix
Plodia interpunctella,Pinaceae,Pinus
Plodia interpunctella,Sapotaceae,Manilkara
Plodia interpunctella,Myristicaceae,Myristica
Plodia interpunctella,Arecaceae,Attalea
Plodia interpunctella,Arecaceae,Phoenix
Plodia interpunctella,Anacardiaceae,Pistacia
Plodia interpunctella,Rosaceae,Prunus
Plodia interpunctella,Rosaceae,Pyrus
Plodia interpunctella,Lythraceae,Punica
Plodia interpunctella,Pedaliaceae,Sesamum
Plodia interpunctella,Vitaceae,Vitis
Plodia interpunctella,Zingiberaceae,Zingiber
Plodia interpunctella,Corylaceae,Corylus
Plodia interpunctella,Sterculiaceae,Theobroma
Plodia interpunctella,Rhamnaceae,Ziziphus
Actias luna,Sapindaceae,Acer
Actias luna,Sapindaceae,Aesculus
Actias luna,Betulaceae,Alnus
Actias luna,Betulaceae,Betula
Actias luna,Betulaceae,Carpinus
Actias luna,Betulaceae,Corylus
Actias luna,Betulaceae,Ostrya
Actias luna,Rosaceae,Amelanchier
Actias luna,Rosaceae,Prunus
Actias luna,Juglandaceae,Carya
Actias luna,Juglandaceae,Juglans
Actias luna,Fagaceae,Castanea
Actias luna,Fagaceae,Fagus
Actias luna,Fagaceae,Quercus
Actias luna,Ebenaceae,Diospyros
Actias luna,Cannabaceae,Humulus
Actias luna,Altingiaceae,Liquidambar
Actias luna,Magnoliaceae,Liriodendron
Actias luna,Lythraceae,Lythrum
Actias luna,Cornaceae,Nyssa
Actias luna,Platanaceae,Platanus
Actias luna,Salicaceae,Populus
Actias luna,Salicaceae,Salix
Actias luna,Anacardiaceae,Rhus
Actias luna,Fabaceae,Robinia
Actias luna,Malvaceae,Tilia
Actias luna,Ulmaceae,Ulmus
Actias luna,Ulmaceae,Tilia
Actias luna,Aceraceae,Acer
Actias luna,Corylaceae,Corylus
Actias luna,Corylaceae,Ostrya
Actias luna,Corylaceae,Carpinus
Actias luna,Tiliaceae,Tilia
Actias luna,Hamamelidaceae,Liquidambar
Actias luna,Hippocastanaceae,Aesculus
Actias luna,Sabiaceae,Salix
Attacus atlas,Simaroubaceae,Ailanthus
Attacus atlas,Simaroubaceae,Brucea
Attacus atlas,Fabaceae,Albizia
Attacus atlas,Fabaceae,Codariocalyx
Attacus atlas,Fabaceae,Erythrina
Attacus atlas,Fabaceae,Parkia
Attacus atlas,Fabaceae,Sesbania
Attacus atlas,Euphorbiaceae,Aleurites
Attacus atlas,Euphorbiaceae,Glochidion
Attacus atlas,Euphorbiaceae,Hevea
Attacus atlas,Euphorbiaceae,Phyllanthus
Attacus atlas,Euphorbiaceae,Ricinus
Attacus atlas,Euphorbiaceae,Sapium
Attacus atlas,Euphorbiaceae,Stillingia
Attacus atlas,Euphorbiaceae,Bischofia
Attacus atlas,Apocynaceae,Alstonia
Attacus atlas,Apocynaceae,Nerium
Attacus atlas,Apocynaceae,Sarcostemma
Attacus atlas,Anacardiaceae,Anacardium
Attacus atlas,Anacardiaceae,Lannea
Attacus atlas,Anacardiaceae,Mangifera
Attacus atlas,Annonaceae,Annona
Attacus atlas,Annonaceae,Artabotrys
Attacus atlas,Annonaceae,Cananga
Attacus atlas,Primulaceae,Ardisia
Attacus atlas,Primulaceae,Embelia
Attacus atlas,Primulaceae,Maesa
Attacus atlas,Asteraceae,Artemisia
Attacus atlas,Oxalidaceae,Averrhoa
Attacus atlas,Acanthaceae,Avicennia
Attacus atlas,Berberidaceae,Berberis
Attacus atlas,Betulaceae,Betula
Attacus atlas,Betulaceae,Carpinus
Attacus atlas,Phyllanthaceae,Bischofia
Attacus atlas,Rhizophoraceae,Bruguiera
Attacus atlas,Theaceae,Camellia
Attacus atlas,Burseraceae,Canarium
Attacus atlas,Malvaceae,Ceiba
Attacus atlas,Malvaceae,Hibiscus
Attacus atlas,Malvaceae,Muntingia
Attacus atlas,Malvaceae,Theobroma
Attacus atlas,Rubiaceae,Cinchona
Attacus atlas,Rubiaceae,Coffea
Attacus atlas,Rubiaceae,Mussaenda
Attacus atlas,Rubiaceae,Nauclea
Attacus atlas,Rubiaceae,Uncaria
Attacus atlas,Rubiaceae,Vangueria
Attacus atlas,Lauraceae,Cinnamomum
Attacus atlas,Lauraceae,Persea
Attacus atlas,Lauraceae,Sassafras
Attacus atlas,Rutaceae,Citrus
Attacus atlas,Lamiaceae,Clerodendrum
Attacus atlas,Lamiaceae,Leucosceptrum
Attacus atlas,Melastomataceae,Clidemia
Attacus atlas,Melastomataceae,Melastoma
Attacus atlas,Melastomataceae,Memecylon
Attacus atlas,Crypteroniaceae,Crypteronia
Attacus atlas,Zingiberaceae,Curcuma
Attacus atlas,Zingiberaceae,Etlingera
Attacus atlas,Dilleniaceae,Dillenia
Attacus atlas,Sapindaceae,Dimocarpus
Attacus atlas,Sapindaceae,Litchi
Attacus atlas,Sapindaceae,Nephelium
Attacus atlas,Sapindaceae,Schleichera
Attacus atlas,Myrtaceae,Eucalyptus
Attacus atlas,Myrtaceae,Eugenia
Attacus atlas,Myrtaceae,Psidium
Attacus atlas,Loganiaceae,Fagraea
Attacus atlas,Moraceae,Ficus
Attacus atlas,Moraceae,Morus
Attacus atlas,Oleaceae,Fraxinus
Attacus atlas,Oleaceae,Jasminum
Attacus atlas,Oleaceae,Ligustrum
Attacus atlas,Oleaceae,Syringa
Attacus atlas,Verbenaceae,Gmelina
Attacus atlas,Verbenaceae,Lantana
Attacus atlas,Verbenaceae,Stachytarpheta
Attacus atlas,Verbenaceae,Vitex
Attacus atlas,Verbenaceae,Clerodendrum
Attacus atlas,Aquifoliaceae,Ilex
Attacus atlas,Convolvulaceae,Ipomoea
Attacus atlas,Ericaceae,Kalmia
Attacus atlas,Ericaceae,Rhododendron
Attacus atlas,Lythraceae,Lagerstroemia
Attacus atlas,Caprifoliaceae,Lonicera
Attacus atlas,Rosaceae,Malus
Attacus atlas,Rosaceae,Prunus
Attacus atlas,Rosaceae,Pyrus
Attacus atlas,Rosaceae,Rosa
Attacus atlas,Magnoliaceae,Michelia
Attacus atlas,Musaceae,Musa
Attacus atlas,Scrophulariaceae,Paulownia
Attacus atlas,Piperaceae,Piper
Attacus atlas,Salicaceae,Populus
Attacus atlas,Salicaceae,Salix
Attacus atlas,Combretaceae,Quisqualis
Attacus atlas,Combretaceae,Terminalia
Attacus atlas,Meliaceae,Sandoricum
Attacus atlas,Meliaceae,Swietenia
Attacus atlas,Goodeniaceae,Scaevola
Attacus atlas,Araliaceae,Schefflera
Attacus atlas,Poaceae,Setaria
Attacus atlas,Dipterocarpaceae,Shorea
Attacus atlas,Bignoniaceae,Spathodea
Attacus atlas,Symplocaceae,Symplocos
Attacus atlas,Fagaceae,
Attacus atlas,Myrsinaceae,Ardisia
Attacus atlas,Myrsinaceae,Embelia
Attacus atlas,Myrsinaceae,Maesa
Attacus atlas,Corylaceae,Carpinus
Attacus atlas,Bombacaceae,Ceiba
Attacus atlas,Tiliaceae,Muntingia
Attacus atlas,Asclepiadaceae,Sarcostemma
Attacus atlas,Sterculiaceae,Theobroma
Attacus atlas,Avicenniaceae,Avicennia
Hemileuca maia,Asteraceae,Artemisia
Hemileuca maia,Asteraceae,Aster
Hemileuca maia,Betulaceae,Betula
Hemileuca maia,Betulaceae,Corylus
Hemileuca maia,Rosaceae,Fragaria
Hemileuca maia,Rosaceae,Malus
Hemileuca maia,Rosaceae,Prunus
Hemileuca maia,Rosaceae,Rosa
Hemileuca maia,Rosaceae,Rubus
Hemileuca maia,Rosaceae,Spiraea
Hemileuca maia,Salicaceae,Populus
Hemileuca maia,Salicaceae,Salix
Hemileuca maia,Fabaceae,Prosopis
Hemileuca maia,Fagaceae,Quercus
Hemileuca maia,Ericaceae,Vaccinium
Hemileuca maia,Corylaceae,Corylus
Saturnia pyri,Sapindaceae,Acer
Saturnia pyri,Sapindaceae,Aesculus
Saturnia pyri,Betulaceae,Alnus
Saturnia pyri,Betulaceae,Betula
Saturnia pyri,Fagaceae,Castanea
Saturnia pyri,Rosaceae,Cydonia
Saturnia pyri,Rosaceae,Malus
Saturnia pyri,Rosaceae,Prunus
Saturnia pyri,Rosaceae,Pyrus
Saturnia pyri,Oleaceae,Fraxinus
Saturnia pyri,Oleaceae,Ligustrum
Saturnia pyri,Oleaceae,Olea
Saturnia pyri,Oleaceae,Syringa
Saturnia pyri,Cannabaceae,Humulus
Saturnia pyri,Juglandaceae,Juglans
Saturnia pyri,Anacardiaceae,Pistacia
Saturnia pyri,Platanaceae,Platanus
Saturnia pyri,Salicaceae,Populus
Saturnia pyri,Salicaceae,Salix
Saturnia pyri,Malvaceae,Tilia
Saturnia pyri,Ulmaceae,Ulmus
Saturnia pyri,Aceraceae,Acer
Saturnia pyri,Hippocastanaceae,Aesculus
Saturnia pyri,Tiliaceae,Tilia
Therinia lactucina,Rubiaceae,
Mania lunus,Fagaceae,
Mania lunus,Myrtaceae,
Bembecia ichneumoniformis,Fabaceae,Anthyllis
Bembecia ichneumoniformis,Fabaceae,Hippocrepis
Bembecia ichneumoniformis,Fabaceae,Lotus
Bembecia ichneumoniformis,Fabaceae,Macroptilium
Podosesia syringae,Oleaceae,Chionanthus
Podosesia syringae,Oleaceae,Fraxinus
Podosesia syringae,Oleaceae,Ligustrum
Podosesia syringae,Oleaceae,Olea
Podosesia syringae,Oleaceae,Syringa
Podosesia syringae,Rosaceae,Sorbus
Vitacea polistiformis,Vitaceae,Vitis
Darapsa myron,Vitaceae,Parthenocissus
Darapsa myron,Vitaceae,Vitis
Darapsa myron,Viburnaceae,Viburnum
Darapsa myron,Caprifoliaceae,Viburnum
Enyo lugubris,Vitaceae,Ampelopsis
Enyo lugubris,Vitaceae,Cissus
Enyo lugubris,Vitaceae,Parthenocissus
Enyo lugubris,Vitaceae,Vitis
Enyo lugubris,Solanaceae,Petunia
Enyo lugubris,Rubiaceae,Randia
Enyo lugubris,Rosaceae,Rosa
Hemaris diffinis,Apocynaceae,Amsonia
Hemaris diffinis,Apocynaceae,Apocynum
Hemaris diffinis,Onagraceae,Clarkia
Hemaris diffinis,Onagraceae,Gayophytum
Hemaris diffinis,Caprifoliaceae,Diervilla
Hemaris diffinis,Caprifoliaceae,Lonicera
Hemaris diffinis,Caprifoliaceae,Symphoricarpos
Hemaris diffinis,Caprifoliaceae,Triosteum
Hemaris diffinis,Caprifoliaceae,Viburnum
Hemaris diffinis,Ericaceae,Vaccinium
Hemaris diffinis,Viburnaceae,Viburnum
Hyles euphorbiae,Euphorbiaceae,Euphorbia
Macroglossum pyrrhosticta,Balsaminaceae,Impatiens
Macroglossum pyrrhosticta,Rubiaceae,Paederia
Manduca sexta,Solanaceae,Acnistus
Manduca sexta,Solanaceae,Atropa
Manduca sexta,Solanaceae,Browallia
Manduca sexta,Solanaceae,Brugmansia
Manduca sexta,Solanaceae,Brunfelsia
Manduca sexta,Solanaceae,Capsicum
Manduca sexta,Solanaceae,Datura
Manduca sexta,Solanaceae,Hyoscyamus
Manduca sexta,Solanaceae,Lycium
Manduca sexta,Solanaceae,Lycopersicon
Manduca sexta,Solanaceae,Nicandra
Manduca sexta,Solanaceae,Nicotiana
Manduca sexta,Solanaceae,Petunia
Manduca sexta,Solanaceae,Physalis
Manduca sexta,Solanaceae,Solanum
Manduca sexta,Brassicaceae,Brassica
Manduca sexta,Brassicaceae,Raphanus
Manduca sexta,Cannaceae,Canna
Manduca sexta,Myrtaceae,Eucalyptus
Manduca sexta,Moraceae,Ficus
Manduca sexta,Asteraceae,Lactuca
Manduca sexta,Euphorbiaceae,Manihot
Manduca sexta,Pedaliaceae,Martynia
Manduca sexta,Pedaliaceae,Sesamum
Manduca sexta,Geraniaceae,Pelargonium
Manduca sexta,Fabaceae,Vigna
Parum colligata,Moraceae,Broussonetia
Smerinthus saliceti,Salicaceae,Populus
Smerinthus saliceti,Salicaceae,Salix
Sphinx pinastri,Pinaceae,Cedrus
Sphinx pinastri,Pinaceae,Larix
Sphinx pinastri,Pinaceae,Picea
Sphinx pinastri,Pinaceae,Pinus
Xylophanes tersa,Rubiaceae,Asperula
Xylophanes tersa,Rubiaceae,Bouvardia
Xylophanes tersa,Rubiaceae,Diodia
Xylophanes tersa,Rubiaceae,Manettia
Xylophanes tersa,Rubiaceae,Palicourea
Xylophanes tersa,Rubiaceae,Pentas
Xylophanes tersa,Rubiaceae,Psychotria
Xylophanes tersa,Rubiaceae,Spermacoce
Xylophanes tersa,Bignoniaceae,Catalpa
Xylophanes tersa,Ebenaceae,Diospyros
Xylophanes tersa,Myrtaceae,Eucalyptus
Xylophanes tersa,Fabaceae,Phaseolus
Xylophanes tersa,Malvaceae,Sida
Xylophanes tersa,Poaceae,Zea
Xylophanes tersa,Lythraceae,
Xylophanes tersa,Rosaceae,
Pseudothyris sepulchralis,Vitaceae,Vitis
Striglina suzukii,Theaceae,Camellia
Tineola bisselliella,Detritophagous,
Coptotriche citrinipennella,Fagaceae,
Cydia pomonella,Fagaceae,Castanea
Cydia pomonella,Fagaceae,Quercus
Cydia pomonella,Rosaceae,Crataegus
Cydia pomonella,Rosaceae,Cydonia
Cydia pomonella,Rosaceae,Eriobotrya
Cydia pomonella,Rosaceae,Malus
Cydia pomonella,Rosaceae,Prunus
Cydia pomonella,Rosaceae,Pyrus
Cydia pomonella,Rosaceae,Sorbus
Cydia pomonella,Moraceae,Ficus
Cydia pomonella,Clusiaceae,Garcinia
Cydia pomonella,Juglandaceae,Juglans
Cydia pomonella,Lythraceae,Punica
Cydia pomonella,Guttiferae,Garcinia
Grapholita dimorpha,Rosaceae,Chaenomeles
Grapholita dimorpha,Rosaceae,Prunus
Phaecasiophora niveiguttana,Rosaceae,Crataegus
Phaecasiophora niveiguttana,Hamamelidaceae,Hamamelis
Phaecasiophora niveiguttana,Lauraceae,Sassafras
Calledapteryx dryopterata,Viburnaceae,Viburnum
Calledapteryx dryopterata,Caprifoliaceae,Viburnum
Lyssa zampa,Euphorbiaceae,Endospermum
Lyssa zampa,Myrtaceae,Eugenia
Yponomeuta evonymellus,Rosaceae,Prunus
Zygaena fausta,Fabaceae,Coronilla
Acanthopteroctetes unifascia,Rhamnaceae,Ceanothus